{"cameraMode":{"drawMode":0,"name":"Shaded","section":"Shading Mode"},"sceneLighting":true,"audioPlay":false,"sceneViewState":{"showFog":true,"showMaterialUpdate":false,"showSkybox":true,"showFlares":true,"showImageEffects":true,"showParticleSystems":true},"in2DMode":false,"pivot":{"x":-18.9326171875,"y":12.71240234375,"z":-30.3232421875},"rotation":{"x":0.14668689668178559,"y":0.2162328064441681,"z":-0.03287825733423233,"w":0.9647030234336853},"size":13.605402946472168,"orthographic":true}