{"cameraMode":{"drawMode":0,"name":"Shaded","section":"Shading Mode"},"sceneLighting":false,"audioPlay":false,"sceneViewState":{"showFog":true,"showMaterialUpdate":false,"showSkybox":false,"showFlares":true,"showImageEffects":true,"showParticleSystems":true},"in2DMode":false,"pivot":{"x":-13.319999694824219,"y":2.520042657852173,"z":13.353615760803223},"rotation":{"x":0.030892886221408845,"y":0.0029989778995513918,"z":-0.00010434274008730426,"w":0.9995367527008057},"size":5.177944183349609,"orthographic":true}