{"cameraMode":{"drawMode":0,"name":"Shaded","section":"Shading Mode"},"sceneLighting":false,"audioPlay":false,"sceneViewState":{"showFog":true,"showMaterialUpdate":false,"showSkybox":false,"showFlares":true,"showImageEffects":true,"showParticleSystems":true},"in2DMode":false,"pivot":{"x":-13.319999694824219,"y":2.520042657852173,"z":13.353615760803223},"rotation":{"x":0.05714036151766777,"y":0.2705925703048706,"z":-0.016093431040644647,"w":0.9608759880065918},"size":9.865297317504883,"orthographic":true}