{"cameraMode":{"drawMode":0,"name":"Shaded","section":"Shading Mode"},"sceneLighting":true,"audioPlay":false,"sceneViewState":{"showFog":true,"showMaterialUpdate":false,"showSkybox":true,"showFlares":true,"showImageEffects":true,"showParticleSystems":true},"in2DMode":false,"pivot":{"x":1.0276615619659424,"y":0.8821971416473389,"z":7.6199469566345219},"rotation":{"x":0.1917794644832611,"y":0.3920190632343292,"z":-0.08392338454723358,"w":0.8958246111869812},"size":0.9219419360160828,"orthographic":true}