{"cameraMode":{"drawMode":0,"name":"Shaded","section":"Shading Mode"},"sceneLighting":false,"audioPlay":false,"sceneViewState":{"showFog":true,"showMaterialUpdate":false,"showSkybox":false,"showFlares":true,"showImageEffects":true,"showParticleSystems":true},"in2DMode":false,"pivot":{"x":0.060000598430633548,"y":1.0407719612121583,"z":13.859563827514649},"rotation":{"x":0.03991221636533737,"y":0.6629459857940674,"z":-0.03543548285961151,"w":0.7467783093452454},"size":4.230872631072998,"orthographic":true}